<?xml version="1.0" encoding="UTF-8"?>
<config xmlns="http://www.knime.org/2008/09/XMLConfig" xmlns:xsi="http://www.w3.org/2001/XMLSchema-instance" xsi:schemaLocation="http://www.knime.org/2008/09/XMLConfig http://www.knime.org/XMLConfig_2008_09.xsd" key="model.xml">
    <entry key="version" type="xint" value="1"/>
    <entry key="class_name" type="xstring" value="org.knime.base.data.normalize.NormalizerPortObject"/>
    <config key="model">
        <config key="columns">
            <config key="Country count+Sum(Gain)">
                <entry key="column_name" type="xstring" value="Country count+Sum(Gain)"/>
                <entry key="column_scale" type="xdouble" value="0.01"/>
                <entry key="column_translate" type="xdouble" value="0.0"/>
                <entry key="column_min" type="xdouble" value="-1.0"/>
                <entry key="column_max" type="xdouble" value="1.0"/>
            </config>
            <config key="Country_mean_rate+Sum(Gain)">
                <entry key="column_name" type="xstring" value="Country_mean_rate+Sum(Gain)"/>
                <entry key="column_scale" type="xdouble" value="1.0E-4"/>
                <entry key="column_translate" type="xdouble" value="0.0"/>
                <entry key="column_min" type="xdouble" value="-1.0"/>
                <entry key="column_max" type="xdouble" value="1.0"/>
            </config>
            <config key="age=15-24 years+Sum(Gain)">
                <entry key="column_name" type="xstring" value="age=15-24 years+Sum(Gain)"/>
                <entry key="column_scale" type="xdouble" value="0.01"/>
                <entry key="column_translate" type="xdouble" value="0.0"/>
                <entry key="column_min" type="xdouble" value="-1.0"/>
                <entry key="column_max" type="xdouble" value="1.0"/>
            </config>
            <config key="age=25-34 years+Sum(Gain)">
                <entry key="column_name" type="xstring" value="age=25-34 years+Sum(Gain)"/>
                <entry key="column_scale" type="xdouble" value="0.1"/>
                <entry key="column_translate" type="xdouble" value="0.0"/>
                <entry key="column_min" type="xdouble" value="-1.0"/>
                <entry key="column_max" type="xdouble" value="1.0"/>
            </config>
            <config key="age=35-54 years+Sum(Gain)">
                <entry key="column_name" type="xstring" value="age=35-54 years+Sum(Gain)"/>
                <entry key="column_scale" type="xdouble" value="0.1"/>
                <entry key="column_translate" type="xdouble" value="0.0"/>
                <entry key="column_min" type="xdouble" value="-1.0"/>
                <entry key="column_max" type="xdouble" value="1.0"/>
            </config>
            <config key="age=5-14 years+Sum(Gain)">
                <entry key="column_name" type="xstring" value="age=5-14 years+Sum(Gain)"/>
                <entry key="column_scale" type="xdouble" value="1.0E-4"/>
                <entry key="column_translate" type="xdouble" value="0.0"/>
                <entry key="column_min" type="xdouble" value="-1.0"/>
                <entry key="column_max" type="xdouble" value="1.0"/>
            </config>
            <config key="age=55-74 years+Sum(Gain)">
                <entry key="column_name" type="xstring" value="age=55-74 years+Sum(Gain)"/>
                <entry key="column_scale" type="xdouble" value="0.1"/>
                <entry key="column_translate" type="xdouble" value="0.0"/>
                <entry key="column_min" type="xdouble" value="-1.0"/>
                <entry key="column_max" type="xdouble" value="1.0"/>
            </config>
            <config key="age=75+ years+Sum(Gain)">
                <entry key="column_name" type="xstring" value="age=75+ years+Sum(Gain)"/>
                <entry key="column_scale" type="xdouble" value="1.0E-4"/>
                <entry key="column_translate" type="xdouble" value="0.0"/>
                <entry key="column_min" type="xdouble" value="-1.0"/>
                <entry key="column_max" type="xdouble" value="1.0"/>
            </config>
            <config key="gdp_per_capita+Sum(Gain)">
                <entry key="column_name" type="xstring" value="gdp_per_capita+Sum(Gain)"/>
                <entry key="column_scale" type="xdouble" value="0.01"/>
                <entry key="column_translate" type="xdouble" value="0.0"/>
                <entry key="column_min" type="xdouble" value="-1.0"/>
                <entry key="column_max" type="xdouble" value="1.0"/>
            </config>
            <config key="generation=Boomers+Sum(Gain)">
                <entry key="column_name" type="xstring" value="generation=Boomers+Sum(Gain)"/>
                <entry key="column_scale" type="xdouble" value="0.1"/>
                <entry key="column_translate" type="xdouble" value="0.0"/>
                <entry key="column_min" type="xdouble" value="-1.0"/>
                <entry key="column_max" type="xdouble" value="1.0"/>
            </config>
            <config key="generation=G.I. Generation+Sum(Gain)">
                <entry key="column_name" type="xstring" value="generation=G.I. Generation+Sum(Gain)"/>
                <entry key="column_scale" type="xdouble" value="0.001"/>
                <entry key="column_translate" type="xdouble" value="0.0"/>
                <entry key="column_min" type="xdouble" value="-1.0"/>
                <entry key="column_max" type="xdouble" value="1.0"/>
            </config>
            <config key="generation=Generation X+Sum(Gain)">
                <entry key="column_name" type="xstring" value="generation=Generation X+Sum(Gain)"/>
                <entry key="column_scale" type="xdouble" value="0.01"/>
                <entry key="column_translate" type="xdouble" value="0.0"/>
                <entry key="column_min" type="xdouble" value="-1.0"/>
                <entry key="column_max" type="xdouble" value="1.0"/>
            </config>
            <config key="generation=Generation Z+Sum(Gain)">
                <entry key="column_name" type="xstring" value="generation=Generation Z+Sum(Gain)"/>
                <entry key="column_scale" type="xdouble" value="1.0"/>
                <entry key="column_translate" type="xdouble" value="0.0"/>
                <entry key="column_min" type="xdouble" value="-1.0"/>
                <entry key="column_max" type="xdouble" value="1.0"/>
            </config>
            <config key="generation=Millenials+Sum(Gain)">
                <entry key="column_name" type="xstring" value="generation=Millenials+Sum(Gain)"/>
                <entry key="column_scale" type="xdouble" value="0.01"/>
                <entry key="column_translate" type="xdouble" value="0.0"/>
                <entry key="column_min" type="xdouble" value="-1.0"/>
                <entry key="column_max" type="xdouble" value="1.0"/>
            </config>
            <config key="generation=Silent+Sum(Gain)">
                <entry key="column_name" type="xstring" value="generation=Silent+Sum(Gain)"/>
                <entry key="column_scale" type="xdouble" value="0.1"/>
                <entry key="column_translate" type="xdouble" value="0.0"/>
                <entry key="column_min" type="xdouble" value="-1.0"/>
                <entry key="column_max" type="xdouble" value="1.0"/>
            </config>
            <config key="log_gdp_for_year+Sum(Gain)">
                <entry key="column_name" type="xstring" value="log_gdp_for_year+Sum(Gain)"/>
                <entry key="column_scale" type="xdouble" value="0.01"/>
                <entry key="column_translate" type="xdouble" value="0.0"/>
                <entry key="column_min" type="xdouble" value="-1.0"/>
                <entry key="column_max" type="xdouble" value="1.0"/>
            </config>
            <config key="log_population+Sum(Gain)">
                <entry key="column_name" type="xstring" value="log_population+Sum(Gain)"/>
                <entry key="column_scale" type="xdouble" value="0.01"/>
                <entry key="column_translate" type="xdouble" value="0.0"/>
                <entry key="column_min" type="xdouble" value="-1.0"/>
                <entry key="column_max" type="xdouble" value="1.0"/>
            </config>
            <config key="sex=male+Sum(Gain)">
                <entry key="column_name" type="xstring" value="sex=male+Sum(Gain)"/>
                <entry key="column_scale" type="xdouble" value="1.0E-4"/>
                <entry key="column_translate" type="xdouble" value="0.0"/>
                <entry key="column_min" type="xdouble" value="-1.0"/>
                <entry key="column_max" type="xdouble" value="1.0"/>
            </config>
            <config key="suicides 1 log+Sum(Gain)">
                <entry key="column_name" type="xstring" value="suicides 1 log+Sum(Gain)"/>
                <entry key="column_scale" type="xdouble" value="0.001"/>
                <entry key="column_translate" type="xdouble" value="0.0"/>
                <entry key="column_min" type="xdouble" value="-1.0"/>
                <entry key="column_max" type="xdouble" value="1.0"/>
            </config>
            <config key="suicides 2 log+Sum(Gain)">
                <entry key="column_name" type="xstring" value="suicides 2 log+Sum(Gain)"/>
                <entry key="column_scale" type="xdouble" value="0.001"/>
                <entry key="column_translate" type="xdouble" value="0.0"/>
                <entry key="column_min" type="xdouble" value="-1.0"/>
                <entry key="column_max" type="xdouble" value="1.0"/>
            </config>
            <config key="suicides_no+Sum(Gain)">
                <entry key="column_name" type="xstring" value="suicides_no+Sum(Gain)"/>
                <entry key="column_scale" type="xdouble" value="0.001"/>
                <entry key="column_translate" type="xdouble" value="0.0"/>
                <entry key="column_min" type="xdouble" value="-1.0"/>
                <entry key="column_max" type="xdouble" value="1.0"/>
            </config>
            <config key="year+Sum(Gain)">
                <entry key="column_name" type="xstring" value="year+Sum(Gain)"/>
                <entry key="column_scale" type="xdouble" value="0.01"/>
                <entry key="column_translate" type="xdouble" value="0.0"/>
                <entry key="column_min" type="xdouble" value="-1.0"/>
                <entry key="column_max" type="xdouble" value="1.0"/>
            </config>
        </config>
        <entry key="summary" type="xstring" value="Decimal Scaling normalization on 22 column(s)"/>
    </config>
</config>
