<?xml version="1.0" encoding="UTF-8"?>
<config xmlns="http://www.knime.org/2008/09/XMLConfig" xmlns:xsi="http://www.w3.org/2001/XMLSchema-instance" xsi:schemaLocation="http://www.knime.org/2008/09/XMLConfig http://www.knime.org/XMLConfig_2008_09.xsd" key="model.xml">
    <entry key="version" type="xint" value="1"/>
    <entry key="class_name" type="xstring" value="org.knime.xgboost.core.model.XGBModelPortObjectSpec"/>
    <config key="model">
        <config key="dataSpec">
            <config key="featureSpec">
                <entry key="spec_name" type="xstring" value="default"/>
                <entry key="number_columns" type="xint" value="13"/>
                <config key="column_spec_0">
                    <entry key="column_name" type="xstring" value="year"/>
                    <config key="element_names">
                        <entry key="array-size" type="xint" value="0"/>
                    </config>
                    <config key="column_type">
                        <entry key="cell_class" type="xstring" value="org.knime.core.data.def.IntCell"/>
                    </config>
                    <config key="column_domain">
                        <config key="lower_bound">
                            <entry key="datacell" type="xstring" value="org.knime.core.data.def.IntCell"/>
                            <config key="org.knime.core.data.def.IntCell">
                                <entry key="IntCell" type="xint" value="1985"/>
                            </config>
                        </config>
                        <config key="upper_bound">
                            <entry key="datacell" type="xstring" value="org.knime.core.data.def.IntCell"/>
                            <config key="org.knime.core.data.def.IntCell">
                                <entry key="IntCell" type="xint" value="2016"/>
                            </config>
                        </config>
                    </config>
                    <config key="column_properties"/>
                    <config key="meta_data"/>
                </config>
                <config key="column_spec_1">
                    <entry key="column_name" type="xstring" value="sex"/>
                    <config key="element_names">
                        <entry key="array-size" type="xint" value="0"/>
                    </config>
                    <config key="column_type">
                        <entry key="cell_class" type="xstring" value="org.knime.core.data.def.StringCell"/>
                    </config>
                    <config key="column_domain">
                        <config key="possible_values">
                            <entry key="array-size" type="xint" value="2"/>
                            <config key="0">
                                <entry key="datacell" type="xstring" value="org.knime.core.data.def.StringCell"/>
                                <config key="org.knime.core.data.def.StringCell">
                                    <entry key="StringCell" type="xstring" value="male"/>
                                </config>
                            </config>
                            <config key="1">
                                <entry key="datacell" type="xstring" value="org.knime.core.data.def.StringCell"/>
                                <config key="org.knime.core.data.def.StringCell">
                                    <entry key="StringCell" type="xstring" value="female"/>
                                </config>
                            </config>
                        </config>
                    </config>
                    <config key="column_properties"/>
                    <config key="meta_data"/>
                </config>
                <config key="column_spec_2">
                    <entry key="column_name" type="xstring" value="age"/>
                    <config key="element_names">
                        <entry key="array-size" type="xint" value="0"/>
                    </config>
                    <config key="column_type">
                        <entry key="cell_class" type="xstring" value="org.knime.core.data.def.StringCell"/>
                    </config>
                    <config key="column_domain">
                        <config key="possible_values">
                            <entry key="array-size" type="xint" value="6"/>
                            <config key="0">
                                <entry key="datacell" type="xstring" value="org.knime.core.data.def.StringCell"/>
                                <config key="org.knime.core.data.def.StringCell">
                                    <entry key="StringCell" type="xstring" value="15-24 years"/>
                                </config>
                            </config>
                            <config key="1">
                                <entry key="datacell" type="xstring" value="org.knime.core.data.def.StringCell"/>
                                <config key="org.knime.core.data.def.StringCell">
                                    <entry key="StringCell" type="xstring" value="35-54 years"/>
                                </config>
                            </config>
                            <config key="2">
                                <entry key="datacell" type="xstring" value="org.knime.core.data.def.StringCell"/>
                                <config key="org.knime.core.data.def.StringCell">
                                    <entry key="StringCell" type="xstring" value="75+ years"/>
                                </config>
                            </config>
                            <config key="3">
                                <entry key="datacell" type="xstring" value="org.knime.core.data.def.StringCell"/>
                                <config key="org.knime.core.data.def.StringCell">
                                    <entry key="StringCell" type="xstring" value="25-34 years"/>
                                </config>
                            </config>
                            <config key="4">
                                <entry key="datacell" type="xstring" value="org.knime.core.data.def.StringCell"/>
                                <config key="org.knime.core.data.def.StringCell">
                                    <entry key="StringCell" type="xstring" value="55-74 years"/>
                                </config>
                            </config>
                            <config key="5">
                                <entry key="datacell" type="xstring" value="org.knime.core.data.def.StringCell"/>
                                <config key="org.knime.core.data.def.StringCell">
                                    <entry key="StringCell" type="xstring" value="5-14 years"/>
                                </config>
                            </config>
                        </config>
                    </config>
                    <config key="column_properties"/>
                    <config key="meta_data"/>
                </config>
                <config key="column_spec_3">
                    <entry key="column_name" type="xstring" value="suicides_no"/>
                    <config key="element_names">
                        <entry key="array-size" type="xint" value="0"/>
                    </config>
                    <config key="column_type">
                        <entry key="cell_class" type="xstring" value="org.knime.core.data.def.DoubleCell"/>
                    </config>
                    <config key="column_domain">
                        <config key="lower_bound">
                            <entry key="datacell" type="xstring" value="org.knime.core.data.def.DoubleCell"/>
                            <config key="org.knime.core.data.def.DoubleCell">
                                <entry key="DoubleCell" type="xdouble" value="0.0"/>
                            </config>
                        </config>
                        <config key="upper_bound">
                            <entry key="datacell" type="xstring" value="org.knime.core.data.def.DoubleCell"/>
                            <config key="org.knime.core.data.def.DoubleCell">
                                <entry key="DoubleCell" type="xdouble" value="22338.0"/>
                            </config>
                        </config>
                    </config>
                    <config key="column_properties"/>
                    <config key="meta_data"/>
                </config>
                <config key="column_spec_4">
                    <entry key="column_name" type="xstring" value="gdp_per_capita"/>
                    <config key="element_names">
                        <entry key="array-size" type="xint" value="0"/>
                    </config>
                    <config key="column_type">
                        <entry key="cell_class" type="xstring" value="org.knime.core.data.def.DoubleCell"/>
                    </config>
                    <config key="column_domain">
                        <config key="lower_bound">
                            <entry key="datacell" type="xstring" value="org.knime.core.data.def.IntCell"/>
                            <config key="org.knime.core.data.def.IntCell">
                                <entry key="IntCell" type="xint" value="251"/>
                            </config>
                        </config>
                        <config key="upper_bound">
                            <entry key="datacell" type="xstring" value="org.knime.core.data.def.IntCell"/>
                            <config key="org.knime.core.data.def.IntCell">
                                <entry key="IntCell" type="xint" value="126352"/>
                            </config>
                        </config>
                    </config>
                    <config key="column_properties"/>
                    <config key="meta_data"/>
                </config>
                <config key="column_spec_5">
                    <entry key="column_name" type="xstring" value="generation"/>
                    <config key="element_names">
                        <entry key="array-size" type="xint" value="0"/>
                    </config>
                    <config key="column_type">
                        <entry key="cell_class" type="xstring" value="org.knime.core.data.def.StringCell"/>
                    </config>
                    <config key="column_domain">
                        <config key="possible_values">
                            <entry key="array-size" type="xint" value="6"/>
                            <config key="0">
                                <entry key="datacell" type="xstring" value="org.knime.core.data.def.StringCell"/>
                                <config key="org.knime.core.data.def.StringCell">
                                    <entry key="StringCell" type="xstring" value="Generation X"/>
                                </config>
                            </config>
                            <config key="1">
                                <entry key="datacell" type="xstring" value="org.knime.core.data.def.StringCell"/>
                                <config key="org.knime.core.data.def.StringCell">
                                    <entry key="StringCell" type="xstring" value="Silent"/>
                                </config>
                            </config>
                            <config key="2">
                                <entry key="datacell" type="xstring" value="org.knime.core.data.def.StringCell"/>
                                <config key="org.knime.core.data.def.StringCell">
                                    <entry key="StringCell" type="xstring" value="G.I. Generation"/>
                                </config>
                            </config>
                            <config key="3">
                                <entry key="datacell" type="xstring" value="org.knime.core.data.def.StringCell"/>
                                <config key="org.knime.core.data.def.StringCell">
                                    <entry key="StringCell" type="xstring" value="Boomers"/>
                                </config>
                            </config>
                            <config key="4">
                                <entry key="datacell" type="xstring" value="org.knime.core.data.def.StringCell"/>
                                <config key="org.knime.core.data.def.StringCell">
                                    <entry key="StringCell" type="xstring" value="Millenials"/>
                                </config>
                            </config>
                            <config key="5">
                                <entry key="datacell" type="xstring" value="org.knime.core.data.def.StringCell"/>
                                <config key="org.knime.core.data.def.StringCell">
                                    <entry key="StringCell" type="xstring" value="Generation Z"/>
                                </config>
                            </config>
                        </config>
                    </config>
                    <config key="column_properties"/>
                    <config key="meta_data"/>
                </config>
                <config key="column_spec_6">
                    <entry key="column_name" type="xstring" value="log_population"/>
                    <config key="element_names">
                        <entry key="array-size" type="xint" value="0"/>
                    </config>
                    <config key="column_type">
                        <entry key="cell_class" type="xstring" value="org.knime.core.data.def.DoubleCell"/>
                    </config>
                    <config key="column_domain">
                        <config key="lower_bound">
                            <entry key="datacell" type="xstring" value="org.knime.core.data.def.DoubleCell"/>
                            <config key="org.knime.core.data.def.DoubleCell">
                                <entry key="DoubleCell" type="xdouble" value="5.631211781821365"/>
                            </config>
                        </config>
                        <config key="upper_bound">
                            <entry key="datacell" type="xstring" value="org.knime.core.data.def.DoubleCell"/>
                            <config key="org.knime.core.data.def.DoubleCell">
                                <entry key="DoubleCell" type="xdouble" value="17.59526343218607"/>
                            </config>
                        </config>
                    </config>
                    <config key="column_properties"/>
                    <config key="meta_data"/>
                </config>
                <config key="column_spec_7">
                    <entry key="column_name" type="xstring" value="log_gdp_for_year"/>
                    <config key="element_names">
                        <entry key="array-size" type="xint" value="0"/>
                    </config>
                    <config key="column_type">
                        <entry key="cell_class" type="xstring" value="org.knime.core.data.def.DoubleCell"/>
                    </config>
                    <config key="column_domain">
                        <config key="lower_bound">
                            <entry key="datacell" type="xstring" value="org.knime.core.data.def.DoubleCell"/>
                            <config key="org.knime.core.data.def.DoubleCell">
                                <entry key="DoubleCell" type="xdouble" value="17.663946610703288"/>
                            </config>
                        </config>
                        <config key="upper_bound">
                            <entry key="datacell" type="xstring" value="org.knime.core.data.def.DoubleCell"/>
                            <config key="org.knime.core.data.def.DoubleCell">
                                <entry key="DoubleCell" type="xdouble" value="30.52807681974063"/>
                            </config>
                        </config>
                    </config>
                    <config key="column_properties"/>
                    <config key="meta_data"/>
                </config>
                <config key="column_spec_8">
                    <entry key="column_name" type="xstring" value="log_gdp_per_capita"/>
                    <config key="element_names">
                        <entry key="array-size" type="xint" value="0"/>
                    </config>
                    <config key="column_type">
                        <entry key="cell_class" type="xstring" value="org.knime.core.data.def.DoubleCell"/>
                    </config>
                    <config key="column_domain">
                        <config key="lower_bound">
                            <entry key="datacell" type="xstring" value="org.knime.core.data.def.DoubleCell"/>
                            <config key="org.knime.core.data.def.DoubleCell">
                                <entry key="DoubleCell" type="xdouble" value="5.529429087511423"/>
                            </config>
                        </config>
                        <config key="upper_bound">
                            <entry key="datacell" type="xstring" value="org.knime.core.data.def.DoubleCell"/>
                            <config key="org.knime.core.data.def.DoubleCell">
                                <entry key="DoubleCell" type="xdouble" value="11.746834856103916"/>
                            </config>
                        </config>
                    </config>
                    <config key="column_properties"/>
                    <config key="meta_data"/>
                </config>
                <config key="column_spec_9">
                    <entry key="column_name" type="xstring" value="suicides 1 log"/>
                    <config key="element_names">
                        <entry key="array-size" type="xint" value="0"/>
                    </config>
                    <config key="column_type">
                        <entry key="cell_class" type="xstring" value="org.knime.core.data.def.DoubleCell"/>
                    </config>
                    <config key="column_domain">
                        <config key="lower_bound">
                            <entry key="datacell" type="xstring" value="org.knime.core.data.def.DoubleCell"/>
                            <config key="org.knime.core.data.def.DoubleCell">
                                <entry key="DoubleCell" type="xdouble" value="0.0"/>
                            </config>
                        </config>
                        <config key="upper_bound">
                            <entry key="datacell" type="xstring" value="org.knime.core.data.def.DoubleCell"/>
                            <config key="org.knime.core.data.def.DoubleCell">
                                <entry key="DoubleCell" type="xdouble" value="204.92"/>
                            </config>
                        </config>
                    </config>
                    <config key="column_properties"/>
                    <config key="meta_data"/>
                </config>
                <config key="column_spec_10">
                    <entry key="column_name" type="xstring" value="suicides 2 log"/>
                    <config key="element_names">
                        <entry key="array-size" type="xint" value="0"/>
                    </config>
                    <config key="column_type">
                        <entry key="cell_class" type="xstring" value="org.knime.core.data.def.DoubleCell"/>
                    </config>
                    <config key="column_domain">
                        <config key="lower_bound">
                            <entry key="datacell" type="xstring" value="org.knime.core.data.def.DoubleCell"/>
                            <config key="org.knime.core.data.def.DoubleCell">
                                <entry key="DoubleCell" type="xdouble" value="0.0"/>
                            </config>
                        </config>
                        <config key="upper_bound">
                            <entry key="datacell" type="xstring" value="org.knime.core.data.def.DoubleCell"/>
                            <config key="org.knime.core.data.def.DoubleCell">
                                <entry key="DoubleCell" type="xdouble" value="224.97"/>
                            </config>
                        </config>
                    </config>
                    <config key="column_properties"/>
                    <config key="meta_data"/>
                </config>
                <config key="column_spec_11">
                    <entry key="column_name" type="xstring" value="Country_mean_rate"/>
                    <config key="element_names">
                        <entry key="array-size" type="xint" value="0"/>
                    </config>
                    <config key="column_type">
                        <entry key="cell_class" type="xstring" value="org.knime.core.data.def.DoubleCell"/>
                    </config>
                    <config key="column_domain">
                        <config key="lower_bound">
                            <entry key="datacell" type="xstring" value="org.knime.core.data.def.DoubleCell"/>
                            <config key="org.knime.core.data.def.DoubleCell">
                                <entry key="DoubleCell" type="xdouble" value="0.0"/>
                            </config>
                        </config>
                        <config key="upper_bound">
                            <entry key="datacell" type="xstring" value="org.knime.core.data.def.DoubleCell"/>
                            <config key="org.knime.core.data.def.DoubleCell">
                                <entry key="DoubleCell" type="xdouble" value="39.1636434108527"/>
                            </config>
                        </config>
                    </config>
                    <config key="column_properties"/>
                    <config key="meta_data"/>
                </config>
                <config key="column_spec_12">
                    <entry key="column_name" type="xstring" value="Country count"/>
                    <config key="element_names">
                        <entry key="array-size" type="xint" value="0"/>
                    </config>
                    <config key="column_type">
                        <entry key="cell_class" type="xstring" value="org.knime.core.data.def.IntCell"/>
                    </config>
                    <config key="column_domain">
                        <config key="lower_bound">
                            <entry key="datacell" type="xstring" value="org.knime.core.data.def.IntCell"/>
                            <config key="org.knime.core.data.def.IntCell">
                                <entry key="IntCell" type="xint" value="6"/>
                            </config>
                        </config>
                        <config key="upper_bound">
                            <entry key="datacell" type="xstring" value="org.knime.core.data.def.IntCell"/>
                            <config key="org.knime.core.data.def.IntCell">
                                <entry key="IntCell" type="xint" value="378"/>
                            </config>
                        </config>
                    </config>
                    <config key="column_properties"/>
                    <config key="meta_data"/>
                </config>
            </config>
            <config key="featureConverters">
                <entry key="featureConvertersCount" type="xint" value="13"/>
                <config key="0">
                    <entry key="converterSpecType" type="xstring" value="numerical"/>
                </config>
                <config key="1">
                    <entry key="converterSpecType" type="xstring" value="string"/>
                    <config key="values">
                        <entry key="array-size" type="xint" value="2"/>
                        <entry key="0" type="xstring" value="male"/>
                        <entry key="1" type="xstring" value="female"/>
                    </config>
                </config>
                <config key="2">
                    <entry key="converterSpecType" type="xstring" value="string"/>
                    <config key="values">
                        <entry key="array-size" type="xint" value="6"/>
                        <entry key="0" type="xstring" value="15-24 years"/>
                        <entry key="1" type="xstring" value="35-54 years"/>
                        <entry key="2" type="xstring" value="75+ years"/>
                        <entry key="3" type="xstring" value="25-34 years"/>
                        <entry key="4" type="xstring" value="55-74 years"/>
                        <entry key="5" type="xstring" value="5-14 years"/>
                    </config>
                </config>
                <config key="3">
                    <entry key="converterSpecType" type="xstring" value="numerical"/>
                </config>
                <config key="4">
                    <entry key="converterSpecType" type="xstring" value="numerical"/>
                </config>
                <config key="5">
                    <entry key="converterSpecType" type="xstring" value="string"/>
                    <config key="values">
                        <entry key="array-size" type="xint" value="6"/>
                        <entry key="0" type="xstring" value="Generation X"/>
                        <entry key="1" type="xstring" value="Silent"/>
                        <entry key="2" type="xstring" value="G.I. Generation"/>
                        <entry key="3" type="xstring" value="Boomers"/>
                        <entry key="4" type="xstring" value="Millenials"/>
                        <entry key="5" type="xstring" value="Generation Z"/>
                    </config>
                </config>
                <config key="6">
                    <entry key="converterSpecType" type="xstring" value="numerical"/>
                </config>
                <config key="7">
                    <entry key="converterSpecType" type="xstring" value="numerical"/>
                </config>
                <config key="8">
                    <entry key="converterSpecType" type="xstring" value="numerical"/>
                </config>
                <config key="9">
                    <entry key="converterSpecType" type="xstring" value="numerical"/>
                </config>
                <config key="10">
                    <entry key="converterSpecType" type="xstring" value="numerical"/>
                </config>
                <config key="11">
                    <entry key="converterSpecType" type="xstring" value="numerical"/>
                </config>
                <config key="12">
                    <entry key="converterSpecType" type="xstring" value="numerical"/>
                </config>
            </config>
            <config key="targetSpec">
                <entry key="column_name" type="xstring" value="suicides_rate"/>
                <config key="element_names">
                    <entry key="array-size" type="xint" value="0"/>
                </config>
                <config key="column_type">
                    <entry key="cell_class" type="xstring" value="org.knime.core.data.def.DoubleCell"/>
                </config>
                <config key="column_domain">
                    <config key="lower_bound">
                        <entry key="datacell" type="xstring" value="org.knime.core.data.def.DoubleCell"/>
                        <config key="org.knime.core.data.def.DoubleCell">
                            <entry key="DoubleCell" type="xdouble" value="0.0"/>
                        </config>
                    </config>
                    <config key="upper_bound">
                        <entry key="datacell" type="xstring" value="org.knime.core.data.def.DoubleCell"/>
                        <config key="org.knime.core.data.def.DoubleCell">
                            <entry key="DoubleCell" type="xdouble" value="224.97"/>
                        </config>
                    </config>
                </config>
                <config key="column_properties"/>
                <config key="meta_data"/>
            </config>
            <config key="targetConverter">
                <entry key="converterSpecType" type="xstring" value="numerical"/>
            </config>
        </config>
        <config key="objective">
            <entry key="identifier" type="xstring" value="reg:squarederror"/>
        </config>
        <config key="params">
            <entry key="colsample_bytree" type="xdouble" value="1.0"/>
            <entry key="silent" type="xint" value="1"/>
            <entry key="tree_method" type="xstring" value="auto"/>
            <entry key="scale_pos_weight" type="xdouble" value="1.0"/>
            <entry key="base_score" type="xdouble" value="0.5"/>
            <entry key="seed" type="xlong" value="1000000"/>
            <entry key="max_depth" type="xint" value="8"/>
            <entry key="colsample_bynode" type="xdouble" value="1.0"/>
            <entry key="objective" type="xstring" value="reg:squarederror"/>
            <entry key="lambda" type="xdouble" value="1.0"/>
            <entry key="eta" type="xdouble" value="0.3"/>
            <entry key="grow_policy" type="xstring" value="depthwise"/>
            <entry key="nthread" type="xint" value="10"/>
            <entry key="alpha" type="xdouble" value="1.0"/>
            <entry key="subsample" type="xdouble" value="1.0"/>
            <entry key="colsample_bylevel" type="xdouble" value="1.0"/>
            <entry key="gamma" type="xdouble" value="0.0"/>
            <entry key="min_child_weight" type="xdouble" value="1.0"/>
            <entry key="max_delta_step" type="xdouble" value="6.0"/>
        </config>
    </config>
</config>
